<?xml version="1.0" encoding="UTF-8"?>

<!-- generated on 2021-10-12 21:00:33 by Eclipse SUMO netedit Version 1.10.0
<configuration xmlns:xsi="http://www.w3.org/2001/XMLSchema-instance" xsi:noNamespaceSchemaLocation="http://sumo.dlr.de/xsd/netconvertConfiguration.xsd">

    <output>
        <output-file value="C:\Users\Tonatiuh%20Nava\Documents\Proyectos\sumo\helloworld.net.xml"/>
    </output>

    <processing>
        <offset.disable-normalization value="true"/>
    </processing>

    <junctions>
        <no-turnarounds value="true"/>
    </junctions>

    <report>
        <aggregate-warnings value="5"/>
    </report>

</configuration>
-->

<net version="1.9" junctionCornerDetail="5" limitTurnSpeed="5.50" xmlns:xsi="http://www.w3.org/2001/XMLSchema-instance" xsi:noNamespaceSchemaLocation="http://sumo.dlr.de/xsd/net_file.xsd">

    <location netOffset="0.00,0.00" convBoundary="0.00,50.00,100.00,50.00" origBoundary="10000000000.00,10000000000.00,-10000000000.00,-10000000000.00" projParameter="!"/>

    <edge id="gneE5" from="1" to="2" priority="-1">
        <lane id="gneE5_0" index="0" speed="13.89" length="100.00" shape="0.00,48.40 100.00,48.40"/>
    </edge>

    <junction id="1" type="dead_end" x="0.00" y="50.00" incLanes="" intLanes="" shape="0.00,50.00 0.00,46.80"/>
    <junction id="2" type="dead_end" x="100.00" y="50.00" incLanes="gneE5_0" intLanes="" shape="100.00,46.80 100.00,50.00"/>

</net>
