<?xml version="1.0" encoding="UTF-8"?>

<!-- generated on 2021-10-12 21:03:21 by Eclipse SUMO netedit Version 1.10.0
<configuration xmlns:xsi="http://www.w3.org/2001/XMLSchema-instance" xsi:noNamespaceSchemaLocation="http://sumo.dlr.de/xsd/netconvertConfiguration.xsd">

    <output>
        <output-file value="C:\Users\Tonatiuh%20Nava\Documents\Proyectos\sumo\helloworld.net.xml"/>
    </output>

    <processing>
        <offset.disable-normalization value="true"/>
    </processing>

    <junctions>
        <no-turnarounds value="true"/>
    </junctions>

    <netedit>
        <route-files value="C:\Users\Tonatiuh%20Nava\Documents\Proyectos\sumo\helloworld.rou.xml"/>
    </netedit>

    <report>
        <aggregate-warnings value="5"/>
    </report>

</configuration>
-->

<routes xmlns:xsi="http://www.w3.org/2001/XMLSchema-instance" xsi:noNamespaceSchemaLocation="http://sumo.dlr.de/xsd/routes_file.xsd">
    <route edges="gneE5" color="yellow" id="route_0"/>
    <vehicle id="vehicle_0" depart="0.00" route="route_0"/>
</routes>
